id,size,hash
wsK5QseQgHI5Wr4SclWK6nSYgCl4hmej,200,2b8027789b5b62674084b0a21abde18f59958989d83f1cbf8e3e04f03ecf8a94
Gakje2fqmwOpPGDLwDucvKEAGs31WkO7,190,98be96cf23dcd9b3f3497930fdcf1b45e90704e64459f6d92887107c03cf0518
Gakje2fqmwOpPGDLwDucvKEAGs31WkO7,180,b838671462c1e8db38a3160d950862f95fadbc8d42f9efc63c1c922c10e8303f
Gakje2fqmwOpPGDLwDucvKEAGs31WkO7,170,a75974c0b66f5a0dc5969fc3aaf64f209223d7339f0371cb18b3fb85e556a60c
Gakje2fqmwOpPGDLwDucvKEAGs31WkO7,160,839b0014d96aa743d2c70484900955eecb5b9b0cab9b314bfa0c7944f4512ded
Gakje2fqmwOpPGDLwDucvKEAGs31WkO7,150,638683fcdc9c8a68e02e6face341ef7d2f5d087675bf6e3536ed6c4c1dd2d42e
Gakje2fqmwOpPGDLwDucvKEAGs31WkO7,140,6cb45cd21dac766cf1632c92d4d80350d65b67162fbc5e5e99c4a32dd729bd0d
Gakje2fqmwOpPGDLwDucvKEAGs31WkO7,130,d1adf14c6af5bef2a1dbdd4e531111e41d3f9475499cefa385bebc3ff7c8a969
Gakje2fqmwOpPGDLwDucvKEAGs31WkO7,120,fcdaa173392fdd7955b60e1a803c9a5f7c90be608a4b4c8618ab99618fb93aa4
Gakje2fqmwOpPGDLwDucvKEAGs31WkO7,110,57e93a13d8f0c211b83bf8e321be43f0128311f9a8dc6a1a7fcf57961cf326e8
fBjS09mEwASybjCqv5fPBlcKyyDcja4l,100,ec5a4dac6e9474ce11ea15de66738e05755825aa81b2c7f40dd66884ad3d5ef4
fBjS09mEwASybjCqv5fPBlcKyyDcja4l,90,d0553f478f780f04c4c6a247bb68dd1a8d77e39728fc0e2b57ff38bc344b0ae7
fBjS09mEwASybjCqv5fPBlcKyyDcja4l,80,1806da65313e328429c4cb509166c27c7c08df5a3804ecdab0b5b9393b598fcc
fBjS09mEwASybjCqv5fPBlcKyyDcja4l,70,c9afea1a282f95f2697724ef68a2c219568eaa17efe3b1244d642ead53ae599b
fBjS09mEwASybjCqv5fPBlcKyyDcja4l,60,6cecba99c151b8610366a982166174584ffc7b54e77a981e05acaa0c1dba532e
fBjS09mEwASybjCqv5fPBlcKyyDcja4l,50,7741d2b28dff1417e97685d6ce8e568c3b93d472b7ee9776fddf730b62c9b82b
fBjS09mEwASybjCqv5fPBlcKyyDcja4l,40,bd82d617ecbf142c020ee0e85be4e3b02bcfe6114ecf511af32cbd6aac4f2dcc
fBjS09mEwASybjCqv5fPBlcKyyDcja4l,30,132512414d324b2fd9b3583b5c4a832870a9fbc3838dbff8cc1ff88ea02e91eb
fBjS09mEwASybjCqv5fPBlcKyyDcja4l,20,ab68deb739a91a305396d56350dae35f7cd73b6c0fcaddf3b71ff0af2029760e
fBjS09mEwASybjCqv5fPBlcKyyDcja4l,10,1a669e1671ea2903ea6deb1b810c1ab9ac1dcd2d5ef34f3c634e025165c50ce8
wsK5QseQgHI5Wr4SclWK6nSYgCl4hmej,9,f38fa29dd68d9f6187796745309b234ce9a53396cd69334a97418dc780a7966f
wsK5QseQgHI5Wr4SclWK6nSYgCl4hmej,8,c72b5378c0c4f3cac5dca54c77b74ff5bf12d71f46ea10a58036ff37b76caab2
wsK5QseQgHI5Wr4SclWK6nSYgCl4hmej,7,5da789118ed91c538f358fb9a740216bb714455cbecb37ade8a4cb3dae4aaff4
wsK5QseQgHI5Wr4SclWK6nSYgCl4hmej,6,3733683a59c264f1fcfa1dc0ae199542cc91901841caf07e936601ec535ae75c
wsK5QseQgHI5Wr4SclWK6nSYgCl4hmej,5,64fe78740bc9a5b91ca73e20d80441ec455b5421625017767f96ed2a81988b22
wsK5QseQgHI5Wr4SclWK6nSYgCl4hmej,4,d0a72c0201d47e4081474caf9935ed072abc12ef31c5ba1fe580fe9be1a49e4d
wsK5QseQgHI5Wr4SclWK6nSYgCl4hmej,3,07c8839c1204f1bbe5ad515c592f3f02e6e5c6836c14de2b0aa7bb6e23a1ba69
wsK5QseQgHI5Wr4SclWK6nSYgCl4hmej,2,92de05f6e1d0232dd29a33745a5db4e6e6d2579d6d2539b96325f36542729901
wsK5QseQgHI5Wr4SclWK6nSYgCl4hmej,1,5c059d8c894a16c21b73701383280d4597c49513b7a5d6f98ea2ad18b2ac40b3
